<?xml version="1.0" encoding="UTF-8" standalone="yes"?>
<addon id="plugin.video.allinone"
       name="[COLOR red] ALL[COLOR blue]in[/COLOR]ONE [/COLOR]"
       version="0.6"
       provider-name="JCG">
  <requires>
    <import addon="xbmc.python" version="2.1.0"/>
    <import addon="script.module.beautifulsoup" version="3.2.1"/>
    <import addon="script.module.simple.downloader" version="0.9.4"/>
    <import addon="script.module.beautifulsoup4" />
    <import addon="script.module.requests" />
    <import addon="script.module.httplib2" />
    <import addon="script.module.youtube.dl" optional="true"/>
    <import addon="plugin.video.youtube" optional="true" />
    <import addon="script.module.urlresolver" optional="true"/>
    <import addon="script.module.simplejson" />    
    <import addon="script.module.livestreamer" optional="true"/>
	<import addon="plugin.video.f4mTester" version="2.2.5" />
	<import addon="plugin.video.castaway" version="0.2.8" />
	<import addon="plugin.video.p2psport" version="0.1.5" />
	<import addon="script.video.F4mProxy" version="2.5.3" />
	<import addon="plugin.video.SportsDevil" version="2016.09.06" />
	<import addon="plugin.video.specto" version="2016.09.01.1" />
	
  </requires>
  <extension point="xbmc.python.pluginsource" library="default.py">
    <provides>video</provides>
  </extension>
  <extension point="xbmc.addon.metadata">
    <summary>ALLinONE - Compilação de vários links e addons</summary>
    <description>Addon para uso pessoal
Compilação de vários links e addons, créditos aos respectivos autores</description>
    <platform>all</platform>
  </extension>
</addon>
